<?xml version="1.0" ?>
<schema xmlns:xsi="http://www.w3.org/2001/XMLSchema-instance"
        xsi:noNamespaceSchemaLocation="urn:magento:framework:Setup/Declaration/Schema/etc/schema.xsd">
    <table name="quote_item" resource="default" engine="innodb">
        <column name="engrave" nullable="true" xsi:type="text" comment="custom attribute for product engrave"/>
    </table>
    <table name="sales_order_item" resource="default" engine="innodb">
        <column name="engrave" nullable="true" xsi:type="text" comment="custom attribute for product engrave"/>
    </table>
    <table name="sales_order" resource="default" engine="innodb">
        <column name="engrave" nullable="true" xsi:type="text" comment="custom attribute for product engrave"/>
    </table>
</schema>
