<?xml version="1.0" ?>
<config xmlns:xsi="http://www.w3.org/2001/XMLSchema-instance" xsi:noNamespaceSchemaLocation="urn:magento:module:Magento_Config:etc/system_file.xsd">
    <system>
        <tab id="productengrave" translate="label" sortOrder="999">
            <label>productengrave</label>
        </tab>
        <section id="productengrave" sortOrder="10" showInWebsite="1" showInStore="1" showInDefault="1" translate="label">
            <label>productengrave</label>
            <tab>productengrave</tab>
            <resource>Valtech_Engrave::config_valtech_engrave</resource>
            <group id="general" sortOrder="10" showInWebsite="1" showInStore="1" showInDefault="1" translate="label">
                <label>general</label>
                <field id="is_engrave" type="select" sortOrder="10" showInWebsite="1" showInStore="1" showInDefault="1" translate="label">
                    <label>Enable engraving for products</label>
                    <comment/>
                    <source_model>Magento\Config\Model\Config\Source\Yesno</source_model>
                </field>
            </group>
        </section>
    </system>
</config>
